# Real soil chemistry + texture from ISRIC SoilGrids v2.0 (250 m, no key).
# Ahmedabad. zone = H3 res-7 cell id.
# Native SoilGrids scaling: phh2o = pH*10, sand/silt/clay = g/kg,
# soc = dg/kg, nitrogen = cg/kg. soil.py auto-unscales by magnitude.
zone,lat,lon,phh2o,sand,silt,clay,soc,nitrogen
8742cc680ffffff,23.11702,72.64707,74.0,335.0,346.5,319.0,95.5,141.0
8742cc681ffffff,23.12618,72.66872,74.0,300.0,333.5,366.5,99.5,145.0
8742cc682ffffff,23.0966,72.64551,73.0,339.0,313.0,348.5,122.5,146.5
8742cc683ffffff,23.10577,72.66715,74.0,295.0,335.5,369.5,103.5,146.0
8742cc684ffffff,23.12827,72.62698,74.0,320.5,344.0,335.0,91.5,136.5
8742cc685ffffff,23.13744,72.64863,73.0,335.0,336.0,329.0,114.0,152.5
8742cc686ffffff,23.10785,72.62543,74.5,289.5,355.5,354.5,107.0,148.0
8742cc68cffffff,23.13535,72.69037,75.0,305.0,343.0,352.0,93.5,147.0
8742cc68effffff,23.11493,72.6888,74.0,306.5,331.0,362.5,103.5,140.5
8742cc690ffffff,23.06703,72.62233,72.0,309.5,353.0,337.5,95.5,153.5
8742cc691ffffff,23.07619,72.64396,74.0,314.0,347.0,339.5,111.5,136.0
8742cc694ffffff,23.07827,72.60225,73.0,310.5,367.5,322.0,120.5,151.0
8742cc695ffffff,23.08743,72.62388,75.0,305.5,352.0,342.5,106.5,151.5
8742cc696ffffff,23.05786,72.6007,72.0,310.5,355.0,334.0,133.0,153.5
8742cc698ffffff,23.07411,72.68566,75.0,294.0,344.0,361.5,97.5,147.0
8742cc69affffff,23.0537,72.68409,74.5,315.5,344.0,340.0,105.0,144.0
8742cc69dffffff,23.09451,72.68723,73.5,286.5,346.0,367.5,110.5,145.0
8742cc69effffff,23.06495,72.66403,74.0,308.0,343.5,348.5,109.5,150.0
8742cc6a2ffffff,23.13952,72.60688,74.5,333.0,339.5,328.0,92.0,141.0
8742cc6a3ffffff,23.14869,72.62853,75.0,311.0,333.5,356.5,98.0,149.0
8742cc6aaffffff,23.14661,72.67028,75.0,327.0,349.5,324.0,99.5,141.0
8742cc6b0ffffff,23.10992,72.5837,74.0,317.0,338.0,345.0,112.5,143.5
8742cc6b1ffffff,23.11909,72.60533,74.0,320.5,345.0,334.5,91.5,145.5
8742cc6b3ffffff,23.09868,72.60379,74.0,304.0,345.5,351.0,96.0,144.5
8742cc6b4ffffff,23.12116,72.5636,75.0,323.5,357.0,319.5,100.5,146.0
8742cc6b5ffffff,23.13034,72.58524,74.0,320.5,346.0,333.0,92.5,144.5
8742cc6b6ffffff,23.10074,72.56206,74.0,322.0,354.0,324.0,99.0,142.0
8742cc790ffffff,23.14569,72.48162,74.0,300.5,361.5,338.0,113.0,157.5
8742cc792ffffff,23.12526,72.48011,73.0,315.5,372.5,312.0,105.0,136.5
8742cc793ffffff,23.13445,72.50174,73.5,315.0,379.0,306.0,103.0,145.0
8742cc796ffffff,23.13649,72.45999,74.0,330.5,335.0,334.5,94.5,147.0
8742cc79affffff,23.1324,72.54349,75.0,301.5,356.0,342.5,99.5,149.0
8742cc79bffffff,23.14158,72.56513,75.0,294.0,344.0,361.5,104.0,143.5
8742cc79effffff,23.14364,72.52338,74.0,317.0,339.0,344.0,105.0,146.5
8742cea00ffffff,22.91014,72.48514,73.0,305.5,334.5,360.0,109.5,131.0
8742cea01ffffff,22.9193,72.5067,73.0,308.5,337.5,354.0,138.0,140.0
8742cea04ffffff,22.92134,72.46508,73.0,309.0,349.0,342.0,109.0,144.0
8742cea05ffffff,22.9305,72.48664,74.0,298.5,353.5,348.5,106.5,130.5
8742cea06ffffff,22.90098,72.46358,75.0,296.0,347.0,357.0,133.5,124.5
8742cea08ffffff,22.91726,72.54832,74.0,307.0,350.5,343.0,137.0,130.5
8742cea09ffffff,22.92641,72.56989,74.0,303.0,360.0,337.0,102.0,144.0
8742cea0bffffff,22.90605,72.56836,74.0,296.0,367.5,336.5,101.0,133.0
8742cea0cffffff,22.92846,72.52827,75.0,325.0,318.5,356.5,109.0,137.5
8742cea0dffffff,22.93762,72.54984,74.0,300.0,357.0,343.0,112.5,153.0
8742cea0effffff,22.9081,72.52675,74.0,307.0,339.5,353.5,102.5,135.0
8742cea21ffffff,22.96207,72.46808,73.0,320.0,335.5,344.5,105.5,120.0
8742cea23ffffff,22.9417,72.46658,74.0,300.5,353.5,345.5,108.5,140.5
8742cea28ffffff,22.96004,72.50972,73.0,302.5,361.0,336.5,104.5,122.0
8742cea29ffffff,22.9692,72.53131,75.0,304.5,377.5,318.5,116.0,139.5
8742cea2affffff,22.93967,72.50821,72.0,316.5,357.5,325.5,137.0,119.0
8742cea2bffffff,22.94883,72.52979,73.0,316.0,344.0,340.0,104.0,144.0
8742cea2cffffff,22.97124,72.48966,72.5,329.5,325.5,345.0,142.0,140.0
8742cea2dffffff,22.98041,72.51124,73.0,308.0,359.5,332.5,216.5,138.0
8742cea2effffff,22.95087,72.48815,73.0,317.5,339.5,343.5,104.0,117.5
8742cea40ffffff,22.97424,72.63619,73.0,310.0,345.0,345.0,114.0,158.5
8742cea41ffffff,22.98339,72.65779,73.0,302.0,348.5,349.5,103.5,151.5
8742cea42ffffff,22.95387,72.63464,73.0,328.0,305.5,366.5,106.5,148.0
8742cea43ffffff,22.96301,72.65623,73.0,314.5,339.0,346.5,104.0,153.0
8742cea48ffffff,22.9813,72.69944,74.0,311.5,343.0,346.0,108.5,147.0
8742cea4affffff,22.96093,72.69787,74.0,299.5,354.0,346.5,97.0,140.5
8742cea4cffffff,22.99254,72.6794,73.0,306.5,356.0,337.0,103.0,151.0
8742cea4effffff,22.97216,72.67783,74.0,311.0,338.5,351.0,109.0,147.5
8742cea50ffffff,22.92435,72.61151,74.0,318.0,367.5,314.0,98.0,121.0
8742cea51ffffff,22.9335,72.63309,73.0,310.5,347.0,342.5,109.0,144.5
8742cea52ffffff,22.904,72.60996,74.0,286.5,377.0,337.0,105.5,127.5
8742cea53ffffff,22.91314,72.63154,74.0,316.5,371.5,312.0,99.5,133.5
8742cea54ffffff,22.93557,72.59147,74.0,297.5,381.5,321.0,110.5,139.0
8742cea55ffffff,22.94472,72.61305,73.0,298.0,361.5,340.5,105.0,146.5
8742cea56ffffff,22.91521,72.58993,74.0,299.0,370.5,330.5,109.0,136.0
8742cea58ffffff,22.93142,72.67471,74.0,301.5,357.0,341.5,106.5,143.0
8742cea59ffffff,22.94056,72.6963,74.0,308.5,341.0,351.0,115.0,149.5
8742cea5affffff,22.91106,72.67315,74.0,313.0,345.5,342.0,91.5,128.5
8742cea5bffffff,22.9202,72.69473,74.0,307.5,345.5,347.0,92.0,134.0
8742cea5cffffff,22.94264,72.65468,72.5,332.5,305.5,362.0,110.0,151.5
8742cea5dffffff,22.95179,72.67627,73.0,318.5,341.0,341.0,100.0,149.0
8742cea5effffff,22.92228,72.65312,73.0,316.0,331.0,353.0,102.5,138.0
8742cea68ffffff,23.02416,72.66091,73.0,325.5,351.0,323.0,99.5,151.0
8742cea69ffffff,23.03331,72.68253,74.0,312.5,345.0,342.5,123.0,150.0
8742cea6affffff,23.00377,72.65935,72.5,303.5,347.5,348.5,102.5,157.0
8742cea6bffffff,23.01292,72.68096,73.0,293.5,368.0,338.5,115.0,159.5
8742cea6dffffff,23.04455,72.66247,73.5,312.5,350.5,337.0,116.0,154.5
8742cea70ffffff,22.96715,72.57295,72.0,304.5,370.0,326.0,112.5,165.5
8742cea72ffffff,22.94678,72.57142,73.0,299.0,374.5,326.5,111.0,157.0
8742cea73ffffff,22.95593,72.593,73.0,303.5,371.5,324.5,117.5,156.5
8742cea74ffffff,22.97836,72.55289,75.0,297.5,380.0,322.5,116.0,145.5
8742cea75ffffff,22.98753,72.57448,73.0,304.0,367.0,328.5,111.0,157.5
8742cea76ffffff,22.95799,72.55137,74.0,298.0,382.5,319.0,108.0,156.0
8742ceaedffffff,22.90193,72.65157,73.0,307.0,353.5,339.5,108.5,132.0
8742ceb40ffffff,23.0528,72.49569,74.0,319.5,379.0,301.5,105.5,143.5
8742ceb41ffffff,23.06198,72.5173,75.0,316.0,381.0,303.5,101.5,150.0
8742ceb42ffffff,23.0324,72.49418,73.0,328.5,335.5,336.0,93.5,139.5
8742ceb44ffffff,23.06402,72.47559,75.0,311.5,387.5,300.5,102.5,148.5
8742ceb45ffffff,23.0732,72.4972,75.0,316.5,373.5,310.0,104.0,147.5
8742ceb46ffffff,23.04362,72.47409,73.0,327.5,365.0,308.0,97.0,144.0
8742ceb49ffffff,23.0691,72.58062,74.0,297.5,369.5,333.0,117.0,143.0
8742ceb4affffff,23.03953,72.55747,73.0,300.0,371.0,329.0,113.5,146.0
8742ceb4cffffff,23.07115,72.53891,74.0,322.5,363.5,313.5,96.0,140.0
8742ceb50ffffff,23.00283,72.47108,73.0,322.5,356.0,321.5,98.5,144.0
8742ceb51ffffff,23.01201,72.49267,73.0,317.5,332.5,350.0,97.0,146.0
8742ceb52ffffff,22.98245,72.46958,72.5,306.0,351.5,343.0,103.0,145.0
8742ceb53ffffff,22.99162,72.49116,73.0,303.5,365.0,332.0,105.0,149.0
8742ceb54ffffff,23.01404,72.45099,73.0,347.5,352.5,300.0,93.5,127.0
8742ceb55ffffff,23.02322,72.47258,74.0,331.0,352.5,316.5,97.0,140.5
8742ceb5affffff,22.98958,72.53283,73.0,301.5,380.0,318.5,130.5,153.5
8742ceb5bffffff,22.99875,72.55442,74.0,304.5,375.5,320.5,118.0,150.5
8742ceb5cffffff,23.02118,72.51427,74.0,306.5,354.0,340.0,94.5,146.0
8742ceb60ffffff,23.09565,72.45699,74.0,325.0,351.0,324.0,91.0,144.0
8742ceb61ffffff,23.10484,72.4786,73.5,306.5,387.5,306.0,95.0,136.5
8742ceb62ffffff,23.07524,72.45549,74.0,315.0,385.0,300.0,99.5,141.0
8742ceb63ffffff,23.08443,72.4771,73.0,330.5,347.0,323.0,98.0,138.0
8742ceb65ffffff,23.11607,72.45849,74.0,330.0,361.0,309.0,97.0,148.0
8742ceb68ffffff,23.1028,72.52034,73.0,317.0,355.5,328.0,93.0,143.0
8742ceb69ffffff,23.11198,72.54196,74.0,321.5,369.5,309.0,100.5,147.5
8742ceb6affffff,23.08238,72.51882,73.0,336.5,331.5,332.0,90.5,143.5
8742ceb6bffffff,23.09156,72.54044,74.0,326.0,360.5,312.5,140.5,147.5
8742ceb6cffffff,23.11403,72.50023,74.0,311.5,391.0,297.5,102.0,143.0
8742ceb6dffffff,23.12322,72.52186,74.0,323.5,367.5,309.0,105.0,146.0
8742ceb6effffff,23.09361,72.49871,73.5,313.0,376.5,310.5,93.5,134.0
8742ceb71ffffff,23.05483,72.45399,75.0,317.0,394.0,289.0,99.0,139.5
8742ceb73ffffff,23.03443,72.45249,72.0,306.0,393.0,301.0,102.0,140.5
